u.site...c..transect...,Gr.3,Gr.4,Gr.5,Gr.6,Gr.7,Gr.8,Gr.9,Gr.10,Gr.11,Gr.12,Gr.13,Gr.14,Gr.15
06_001,1,1,1,1,1,1,1,1,1,1,1,1,1
06_002,1,1,1,1,1,1,1,1,1,1,1,1,1
06_003,1,1,1,1,1,1,1,1,1,1,1,1,1
06_004,1,1,1,1,1,1,1,1,1,1,1,1,1
06_005,1,1,1,1,1,1,1,1,1,1,1,1,1
06_006,1,1,1,1,1,1,1,1,1,1,1,1,1
06_007,1,1,1,1,1,1,1,1,1,1,1,1,1
06_008,1,1,1,1,1,1,1,1,1,1,1,1,1
06_009,1,1,1,1,1,1,1,1,1,1,1,1,1
06_010,1,1,1,1,1,1,1,1,1,1,1,1,1
06_011,1,1,1,1,1,1,1,1,1,1,1,1,1
06_012,1,1,1,1,1,1,1,1,1,1,1,1,1
06_013,1,1,1,1,1,1,1,1,1,1,1,1,1
06_014,1,1,1,1,1,1,1,1,1,1,1,1,1
06_015,1,1,1,1,1,1,1,1,1,1,1,1,1
06_016,1,2,2,2,2,2,2,2,2,2,2,2,2
06_017,1,2,2,2,2,2,2,2,2,2,2,2,2
06_018,1,2,2,2,2,2,2,2,2,2,2,2,2
06_019,1,2,2,2,2,2,2,2,2,2,2,2,2
06_020,1,2,2,2,2,2,2,2,2,2,2,2,2
06_021,1,2,2,2,2,2,2,2,2,2,2,2,2
06_022,1,2,2,2,2,2,2,2,2,2,2,2,2
06_023,1,2,2,2,2,2,2,2,2,2,2,2,2
06_024,1,2,2,2,2,2,2,2,2,2,2,2,2
06_025,1,2,2,2,2,2,2,2,2,2,2,2,2
06_026,1,2,2,2,2,2,2,2,2,2,2,2,2
06_027,1,2,2,2,2,2,2,2,2,2,2,2,2
06_028,1,2,2,2,2,2,2,2,2,2,2,2,2
06_029,1,2,2,2,2,2,2,2,2,2,2,2,2
06_030,1,2,2,2,2,2,2,2,2,2,2,2,2
06_031,1,2,2,2,2,2,2,2,2,2,2,2,2
06_032,1,2,2,2,2,2,2,2,2,2,2,2,2
06_033,1,2,2,2,2,2,2,2,2,2,2,2,2
06_034,1,2,2,2,2,2,2,2,2,2,2,2,2
06_035,1,2,2,2,2,2,2,2,2,2,2,2,2
06_036,1,2,2,2,2,2,2,2,2,2,2,2,2
06_037,1,2,2,2,2,2,2,2,2,2,2,2,2
06_038,1,2,2,2,2,2,2,2,2,2,2,2,2
06_039,1,2,2,2,2,2,2,2,2,2,2,2,2
06_040,1,2,2,2,2,2,2,2,2,2,2,2,2
06_041,1,2,2,2,2,2,2,2,2,2,2,2,2
06_042,1,2,2,2,2,2,2,2,2,2,2,2,2
06_043,1,2,2,2,2,2,2,2,2,2,2,2,2
06_045,1,2,2,2,2,2,2,2,2,2,2,2,2
06_046,1,2,2,2,2,2,2,2,2,2,2,2,2
06_047,1,2,2,2,2,2,2,2,2,2,2,2,2
06_048,1,2,2,2,2,2,2,2,2,2,2,2,2
06_049,1,2,2,2,2,2,2,2,2,2,2,2,2
06_050,1,2,2,2,2,2,2,2,2,2,2,2,2
06_051,1,2,2,2,2,2,2,2,2,2,2,2,2
06_052,1,2,2,2,2,2,2,2,2,2,2,2,2
06_053,1,2,2,2,2,2,2,2,2,2,2,2,2
06_054,1,2,2,2,2,2,2,2,2,2,2,2,2
06_055,1,2,2,2,2,2,2,2,2,2,2,2,2
06_056,1,2,2,2,2,2,2,2,2,2,2,2,2
06_057,1,2,2,2,2,2,2,2,2,2,2,2,2
06_058,1,2,2,2,2,2,2,2,2,2,2,2,2
06_059,1,2,2,2,2,2,2,2,2,2,2,2,2
06_060,1,2,2,2,2,2,2,2,2,2,2,2,2
06_061,1,2,2,2,2,2,2,2,2,2,2,2,2
06_062,1,2,2,2,2,2,2,2,2,2,2,2,2
06_063,1,2,2,2,2,2,2,2,2,2,2,2,2
06_064,1,2,2,2,2,2,2,2,2,2,2,2,2
06_065,1,2,2,2,2,2,2,2,2,2,2,2,2
06_066,1,2,2,2,2,2,2,2,2,2,2,2,2
06_067,1,2,2,2,2,2,2,2,2,2,2,2,2
06_068,1,2,2,2,2,2,2,2,2,2,2,2,2
06_069,1,2,2,2,2,2,2,2,2,2,2,2,2
06_070,1,2,2,2,2,2,2,2,2,2,2,2,2
06_071,1,2,2,2,2,2,2,2,2,2,2,2,2
06_072,1,2,2,2,2,2,2,2,2,2,2,2,2
06_073,1,2,2,2,2,2,2,2,2,2,2,2,2
06_074,1,2,2,2,2,2,2,2,2,2,2,2,2
06_075,1,2,2,2,2,2,2,2,2,2,2,2,2
06_076,1,2,2,2,2,2,2,2,2,2,2,2,2
06_077,1,2,2,2,2,2,2,2,2,2,2,2,2
06_078,1,2,2,2,2,2,2,2,2,2,2,2,2
06_079,1,2,2,2,2,2,2,2,2,2,2,2,2
06_080,1,2,2,2,2,2,2,2,2,2,2,2,2
06_081,1,2,2,2,2,2,2,2,2,2,2,2,2
06_082,1,2,2,2,2,2,2,2,2,2,2,2,2
06_083,1,2,2,2,2,2,2,2,2,2,2,2,2
06_084,1,2,2,2,2,2,2,2,2,2,2,2,2
06_085,1,2,2,2,2,2,2,2,2,2,2,2,2
06_086,1,2,2,2,2,2,2,2,2,2,2,2,2
06_087,1,2,2,2,2,2,2,2,2,2,2,2,2
06_088,1,2,2,2,2,2,2,2,2,2,2,2,2
06_089,1,2,3,3,3,3,3,3,3,3,3,3,3
06_090,1,2,3,3,3,3,3,3,3,3,3,3,3
06_091,1,2,3,3,3,3,3,3,3,3,3,3,3
06_092,1,2,3,3,3,3,3,3,3,3,3,3,3
06_093,1,2,3,3,3,3,3,3,3,3,3,3,3
06_094,1,2,3,3,3,3,3,3,4,4,4,4,4
06_095,1,2,3,3,3,3,3,3,4,4,4,4,4
06_096,1,2,3,3,3,3,3,3,4,4,4,4,4
06_097,1,2,3,3,3,3,3,3,4,4,4,4,4
06_098,1,2,3,3,3,3,3,3,4,4,4,4,4
06_099,1,2,3,3,3,3,3,3,4,4,4,4,4
06_100,1,2,3,3,3,3,3,3,4,4,4,4,4
09_001,1,1,1,1,1,1,1,1,1,1,1,1,1
09_002,1,1,1,1,1,1,1,1,1,1,1,1,1
09_003,1,1,1,1,1,1,1,1,1,1,1,1,1
09_004,1,1,1,1,1,1,1,1,1,1,1,1,1
09_005,1,1,1,1,1,1,1,1,1,1,1,1,1
09_006,1,1,1,1,1,1,1,1,1,1,1,1,1
09_007,1,1,1,1,1,1,1,1,1,1,1,1,1
09_008,1,1,1,1,1,1,1,1,1,1,1,1,1
09_009,1,1,1,1,1,1,1,1,1,1,1,1,1
09_010,1,1,1,1,1,1,1,1,1,1,1,1,1
09_011,1,1,1,1,1,1,1,1,1,1,1,1,1
09_012,1,1,1,1,1,1,1,1,1,1,1,1,1
09_013,1,1,1,1,1,1,1,1,1,1,1,1,1
09_014,1,1,1,1,1,1,1,1,1,1,1,1,1
09_015,1,1,1,1,1,1,1,1,1,1,1,1,1
09_016,1,1,1,1,1,1,1,1,1,1,1,1,1
09_017,1,1,1,1,1,1,1,1,1,1,1,1,1
09_018,1,1,1,1,1,1,1,1,1,1,1,1,1
09_020,1,2,2,2,2,2,2,2,2,2,2,2,2
09_021,1,2,2,2,2,2,2,2,2,2,2,2,2
09_023,1,2,2,2,2,2,2,2,2,2,2,2,2
09_024,1,2,2,2,2,2,2,2,2,2,2,2,2
09_025,1,2,2,2,2,2,2,2,2,2,2,2,2
09_026,1,2,2,2,2,2,2,2,2,2,2,2,2
09_027,1,2,2,2,2,2,2,2,2,2,2,2,2
09_028,1,2,2,2,2,2,2,2,2,2,2,2,2
09_029,1,2,2,2,2,2,2,2,2,2,2,2,2
09_030,1,2,2,2,2,2,2,2,2,2,2,2,2
09_031,1,2,2,2,2,2,2,2,2,2,2,2,2
09_032,1,2,2,2,2,2,2,2,2,2,2,2,2
09_033,1,2,2,2,2,2,2,2,2,2,2,2,2
09_034,1,2,2,2,2,2,2,2,2,2,2,2,2
09_035,1,2,2,2,2,2,2,2,2,2,2,2,2
09_036,1,2,2,2,2,2,2,2,2,2,2,2,2
09_037,1,2,2,2,2,2,2,2,2,2,2,2,2
09_038,1,2,2,2,2,2,2,2,2,2,2,2,2
09_039,1,2,2,2,2,2,2,2,2,2,2,2,2
09_040,1,2,2,2,2,2,2,2,2,2,2,2,2
09_041,1,2,2,2,2,2,2,2,2,2,2,2,2
09_042,1,2,2,2,2,2,2,2,2,2,2,2,2
09_043,1,2,2,2,2,2,2,2,2,2,2,2,2
09_044,1,2,2,2,2,2,2,2,2,2,2,2,2
09_045,1,2,2,2,2,2,2,2,2,2,2,2,2
09_046,1,2,2,2,2,2,2,2,2,2,2,2,2
09_047,1,2,2,2,2,2,2,2,2,2,2,2,2
09_048,1,2,2,2,2,2,2,2,2,2,2,2,2
09_049,1,2,2,2,2,2,2,2,2,2,2,2,2
09_050,1,2,2,2,2,2,2,2,2,2,2,2,2
09_051,1,2,2,2,2,2,2,2,2,2,2,2,2
09_052,1,2,2,2,2,2,2,2,2,2,2,2,2
09_053,1,2,2,2,2,2,2,2,2,2,2,2,2
09_054,1,2,2,2,2,2,2,2,2,2,2,2,2
09_055,1,2,2,2,2,2,2,2,2,2,2,2,2
09_056,1,2,2,2,2,2,2,2,2,2,2,2,2
09_057,1,2,2,2,2,2,2,2,2,2,2,2,2
09_058,1,2,2,2,2,2,2,2,2,2,2,2,2
09_059,1,2,2,2,2,2,2,2,2,2,2,2,2
09_060,1,2,3,3,3,3,3,3,3,3,3,3,3
09_061,1,2,3,3,3,3,3,3,3,3,3,3,3
09_062,1,2,3,3,3,3,3,3,3,3,3,3,3
09_063,1,2,3,3,3,3,3,3,3,3,3,3,3
09_064,1,2,3,3,3,3,3,3,3,3,3,3,3
09_065,1,2,3,3,3,3,3,3,3,3,3,3,3
09_066,1,2,3,3,3,3,3,3,3,3,3,3,3
09_067,1,2,3,3,3,3,3,3,3,3,3,3,3
09_068,1,2,3,3,3,3,3,3,3,3,3,3,3
09_069,1,2,3,3,3,3,3,3,3,3,3,3,3
09_070,1,2,3,3,3,3,3,3,3,3,3,3,3
09_071,1,2,3,3,3,3,3,3,3,3,3,3,3
09_072,1,2,3,3,3,3,3,3,3,3,3,3,3
09_073,1,2,3,3,3,3,3,3,3,3,3,3,3
09_074,1,2,3,3,3,3,3,3,3,3,3,3,3
09_075,1,2,3,3,3,3,3,3,3,3,3,3,3
09_076,1,2,3,3,3,3,3,3,3,3,3,3,3
09_077,1,2,3,3,3,3,3,3,3,3,3,3,3
09_078,1,2,3,3,3,3,3,3,3,3,3,3,3
09_079,1,2,3,3,3,3,3,3,3,3,3,3,3
09_080,1,2,3,3,3,3,3,3,3,3,3,3,3
09_081,1,2,3,3,3,3,3,3,3,3,3,3,3
09_082,1,2,3,3,3,3,3,3,3,3,3,3,3
09_083,1,2,3,3,3,3,3,3,3,3,3,3,3
09_084,1,2,3,3,3,3,3,3,3,3,3,3,3
09_085,1,2,3,3,3,3,3,3,3,3,3,3,3
09_086,1,2,3,3,3,3,3,3,3,3,3,3,3
09_087,1,2,3,3,3,3,3,3,3,3,3,3,3
09_088,1,2,3,3,3,3,3,3,3,3,3,3,3
09_089,1,2,3,3,3,3,3,3,3,3,3,3,3
09_090,1,2,3,3,3,3,3,3,3,3,3,3,3
09_091,1,2,3,3,3,3,3,3,3,3,3,3,3
09_092,1,2,3,3,3,3,3,3,3,3,3,3,3
09_093,1,2,3,3,3,3,3,3,3,3,3,3,3
09_094,1,2,3,3,3,3,3,3,3,3,3,3,3
09_095,1,2,3,3,3,3,3,3,3,3,3,3,3
09_096,1,2,3,3,3,3,3,3,4,4,4,4,4
09_097,1,2,3,3,3,3,3,3,4,4,4,4,4
09_098,1,2,3,3,3,3,3,3,4,4,4,4,4
09_099,1,2,3,3,3,3,3,3,4,4,4,4,4
09_100,1,2,3,3,3,3,3,3,4,4,4,4,4
12_002,1,1,1,1,1,1,1,1,1,1,1,1,1
12_003,1,1,1,1,1,1,1,1,1,1,1,1,1
12_004,1,2,2,2,2,2,2,2,2,2,2,2,2
12_005,1,2,2,2,2,2,2,2,2,2,2,2,2
12_006,1,2,2,2,2,2,2,2,2,2,2,2,2
12_007,1,2,2,2,2,2,2,2,2,2,2,2,2
12_008,1,2,2,2,2,2,2,2,2,2,2,2,2
12_009,1,2,2,2,2,2,2,2,2,2,2,2,2
12_010,1,2,2,2,2,2,2,2,2,2,2,2,2
12_011,1,2,2,2,2,2,2,2,2,2,2,2,2
12_012,1,2,2,2,2,2,2,2,2,2,2,2,2
12_013,1,2,2,2,2,2,2,2,2,2,2,2,2
12_014,1,2,2,2,2,2,2,2,2,2,2,2,2
12_015,1,2,2,2,2,2,2,2,2,2,2,2,2
12_016,1,2,2,2,2,2,2,2,2,2,2,2,2
12_017,1,2,2,2,2,2,2,2,2,2,2,2,2
12_018,1,2,2,2,2,2,2,2,2,2,2,2,2
12_019,1,2,2,2,2,2,2,2,2,2,2,2,2
12_020,1,2,2,2,2,2,2,2,2,2,2,2,2
12_021,1,2,2,2,2,2,2,2,2,2,2,2,2
12_022,1,2,2,2,2,2,2,2,2,2,2,2,2
12_023,1,2,2,2,2,2,2,2,2,2,2,2,2
12_024,1,2,2,2,2,2,2,2,2,2,2,2,2
12_025,1,2,2,2,2,2,2,2,2,2,2,2,2
12_026,1,2,2,2,2,2,2,2,2,2,2,2,2
12_027,1,2,2,2,2,2,2,2,2,2,2,2,2
12_028,1,2,2,2,2,2,2,2,2,2,2,2,2
12_029,1,2,2,2,2,2,2,2,2,2,2,2,2
12_030,1,2,2,2,2,2,2,2,2,2,2,2,2
12_031,1,2,2,2,2,2,2,2,2,2,2,2,2
12_032,1,2,2,2,2,2,2,2,2,2,2,2,2
12_033,1,2,2,2,2,2,2,2,2,2,2,2,2
12_034,1,2,2,2,2,2,2,2,2,2,2,2,2
12_035,1,2,2,2,2,2,2,2,2,2,2,2,2
12_036,1,2,2,2,2,2,2,2,2,2,2,2,2
12_037,1,2,2,2,2,2,2,2,2,2,2,2,2
12_038,1,2,2,2,2,2,2,2,2,2,2,2,2
12_039,1,2,2,2,2,2,2,2,2,2,2,2,2
12_040,1,2,2,2,2,2,2,2,2,2,2,2,2
12_041,1,2,2,2,2,2,2,2,2,2,2,2,2
12_042,1,2,2,2,2,2,2,2,2,2,2,2,2
12_043,1,2,2,2,2,2,2,2,2,2,2,2,2
12_044,1,2,2,2,2,2,2,2,2,2,2,2,2
12_045,1,2,2,2,2,2,2,2,2,2,2,2,2
12_046,1,2,2,2,2,2,2,2,2,2,2,2,2
12_047,1,2,2,2,2,2,2,2,2,2,2,2,2
12_048,1,2,2,2,2,2,2,2,2,2,2,2,2
12_049,1,2,2,2,2,2,2,2,2,2,2,2,2
12_050,1,2,2,2,2,2,2,2,2,2,2,2,2
12_051,1,2,2,2,2,2,2,2,2,2,2,2,2
12_052,1,2,2,2,2,2,2,2,2,2,2,2,2
12_053,1,2,2,2,2,2,2,2,2,2,2,2,2
12_054,1,2,2,2,2,2,2,2,2,2,2,2,2
12_055,1,2,2,2,2,2,2,2,2,2,2,2,2
12_056,1,2,2,2,2,2,2,2,2,2,5,5,5
12_057,1,2,2,2,2,2,2,2,2,2,5,5,5
12_058,1,2,2,2,2,2,2,2,2,2,5,5,5
12_059,1,2,2,2,2,2,2,2,2,2,2,2,2
12_060,1,2,2,2,2,2,2,2,2,2,2,2,2
12_061,1,2,2,2,2,2,2,2,2,2,2,2,2
12_062,1,2,2,2,2,2,2,2,2,2,2,2,2
12_063,1,2,3,3,3,3,3,3,3,3,3,3,3
12_064,1,2,3,3,3,3,3,3,3,3,3,3,3
12_065,1,2,3,3,3,3,3,3,3,3,3,3,3
12_066,1,2,3,3,3,3,3,3,3,3,3,3,3
12_067,1,2,3,3,3,3,3,3,3,3,3,3,3
12_068,1,2,3,3,3,3,3,3,3,3,3,3,3
12_069,1,2,3,3,3,3,3,3,3,3,3,3,3
12_070,2,3,4,4,4,4,4,4,5,5,6,6,6
12_071,2,3,4,4,4,4,4,4,5,5,6,6,6
12_072,2,3,4,4,4,4,4,4,5,5,6,6,6
12_073,2,3,4,4,4,4,4,4,5,5,6,6,6
12_074,2,3,4,4,4,4,4,4,5,5,6,6,6
12_075,2,3,4,4,4,4,4,4,5,5,6,6,6
12_076,2,3,4,4,4,4,4,4,5,5,6,6,6
12_077,2,3,4,4,4,4,4,4,5,5,6,6,6
12_078,2,3,4,4,4,4,4,4,5,5,6,6,6
12_079,2,3,4,4,4,4,4,4,5,5,6,6,6
12_080,2,3,4,4,4,4,4,4,5,5,6,6,6
12_081,2,3,4,4,4,4,4,4,5,5,6,6,6
12_082,2,3,4,4,4,4,4,4,5,5,6,6,6
12_083,2,3,4,4,4,4,4,4,5,5,6,6,6
12_084,2,3,4,4,4,4,4,4,5,5,6,6,6
12_085,2,3,4,4,4,4,4,4,5,5,6,6,6
12_086,2,3,4,4,4,4,4,5,6,6,7,7,7
12_087,2,3,4,4,4,4,4,5,6,6,7,7,7
12_088,2,3,4,4,4,4,4,5,6,6,7,7,7
12_089,2,3,4,4,4,4,4,5,6,6,7,7,7
12_090,2,3,4,4,4,4,4,5,6,6,7,7,7
12_091,2,3,4,4,4,4,4,5,6,6,7,7,7
12_092,2,3,4,4,4,4,4,5,6,6,7,7,7
12_093,2,3,4,4,4,4,4,5,6,6,7,7,7
12_094,2,3,4,4,4,4,4,4,5,5,6,6,6
12_095,2,3,4,4,4,4,4,4,5,5,6,6,6
12_096,2,3,4,4,4,4,4,4,5,5,6,6,6
12_097,2,3,4,4,4,4,4,4,5,5,6,6,6
12_098,2,3,4,4,4,4,4,4,5,5,6,6,6
12_099,2,3,4,4,4,4,4,4,5,5,6,6,6
12_100,2,3,4,4,4,4,4,4,5,5,6,6,6
15_001,1,1,1,1,1,1,1,1,1,1,1,1,1
15_002,1,1,1,1,1,1,1,1,1,1,1,1,1
15_003,1,1,1,1,1,1,1,1,1,1,1,1,1
15_004,1,1,1,1,1,1,1,1,1,1,1,1,1
15_005,1,1,1,1,1,1,1,1,1,1,1,1,1
15_006,1,2,2,2,2,2,2,2,2,2,2,2,2
15_007,1,2,2,2,2,2,2,2,2,2,2,2,2
15_008,1,2,2,2,2,2,2,2,2,2,2,2,2
15_009,1,2,2,2,2,2,2,2,2,2,2,2,2
15_010,1,2,2,2,2,2,2,2,2,2,2,2,2
15_011,1,2,2,2,2,2,2,2,2,2,2,2,2
15_012,1,2,2,2,2,2,2,2,2,2,2,2,2
15_013,1,2,2,2,2,2,2,2,2,2,2,2,2
15_014,1,2,2,2,2,2,2,2,2,2,2,2,2
15_015,1,2,2,2,2,2,2,2,2,2,2,2,2
15_016,1,2,2,2,2,2,2,2,2,2,2,2,2
15_017,1,2,2,2,2,2,2,2,2,2,2,2,2
15_018,1,2,2,2,2,2,2,2,2,2,2,2,2
15_019,1,2,2,2,2,2,2,2,2,2,2,2,2
15_020,1,2,2,2,2,2,2,2,2,2,2,2,2
15_021,1,2,2,2,2,2,2,2,2,2,2,2,2
15_022,1,2,2,2,2,2,2,2,2,2,2,2,2
15_023,1,2,2,2,2,2,2,2,2,2,2,2,2
15_024,1,2,2,2,2,2,2,2,2,2,2,2,2
15_025,1,2,2,2,2,2,2,2,2,2,2,2,2
15_026,1,2,2,2,2,2,2,2,2,2,2,2,2
15_027,1,2,2,2,2,2,2,2,2,2,2,2,2
15_028,1,2,2,2,2,2,2,2,2,2,2,2,2
15_029,1,2,2,2,2,2,2,2,2,2,2,2,2
15_030,1,2,2,2,2,2,2,2,2,2,2,2,2
15_031,1,2,2,2,2,2,2,2,2,7,8,8,8
15_032,1,2,2,2,2,2,2,2,2,7,8,8,8
15_033,1,2,2,2,2,2,2,2,2,7,8,8,8
15_034,1,2,2,2,2,2,2,2,2,7,8,8,8
15_035,1,2,2,2,2,2,2,2,2,7,8,8,8
15_036,1,2,2,2,2,2,2,2,2,7,8,8,8
15_037,1,2,2,2,2,2,2,2,2,7,8,8,8
15_038,1,2,2,2,2,2,2,2,2,7,8,8,8
15_039,1,2,2,2,2,2,2,2,2,7,8,8,8
15_040,1,2,2,2,2,2,2,2,2,7,8,8,8
15_041,1,2,2,2,2,2,2,2,2,7,8,8,8
15_042,1,2,2,2,2,2,2,2,2,7,8,8,8
15_043,1,2,2,2,2,2,2,2,2,2,2,2,2
15_044,1,2,2,2,2,2,2,2,2,2,2,2,2
15_045,1,2,2,2,2,2,2,2,2,2,2,2,2
15_046,1,2,2,2,2,2,2,2,2,2,2,2,2
15_047,1,2,2,2,2,2,2,2,2,2,2,2,2
15_048,1,2,2,2,2,2,2,2,2,2,2,2,2
15_049,1,2,2,2,2,2,2,2,2,2,2,2,2
15_050,1,2,2,2,2,2,2,2,2,2,2,2,2
15_051,1,2,2,2,2,2,2,2,2,2,2,2,2
15_052,1,2,2,2,2,2,2,2,2,2,2,2,2
15_053,1,2,2,2,2,2,2,2,2,2,2,2,2
15_054,1,2,2,2,2,2,2,2,2,2,5,5,5
15_055,1,2,2,2,2,2,2,2,2,2,5,5,5
15_056,1,2,2,2,2,2,2,2,2,2,5,5,5
15_057,1,2,2,2,2,2,2,2,2,2,5,5,5
15_058,1,2,2,2,2,2,2,2,2,2,5,5,5
15_059,1,2,2,2,2,2,2,2,2,2,5,5,5
15_060,1,2,2,2,2,2,2,2,2,2,5,5,5
15_061,1,2,2,2,2,2,2,2,2,2,5,5,5
15_062,1,2,2,2,2,2,2,2,2,2,5,5,5
15_063,1,2,2,2,2,2,2,2,2,2,5,5,5
15_064,1,2,2,2,2,2,2,2,2,2,5,5,5
15_065,1,2,2,2,2,2,2,2,2,2,5,5,5
15_066,1,2,2,2,2,2,2,2,2,2,5,5,5
15_067,1,2,2,2,2,2,2,2,2,2,5,5,5
15_068,1,2,2,2,2,2,2,2,2,2,5,5,5
15_069,1,2,2,2,2,2,2,2,2,2,5,5,5
15_070,1,2,2,2,2,2,2,2,2,2,5,5,5
15_071,1,2,2,2,2,2,2,2,2,2,5,5,5
15_072,1,2,2,2,2,2,2,2,2,2,5,5,5
15_073,1,2,2,2,2,2,2,2,2,2,5,5,5
15_074,1,2,2,2,2,2,2,2,2,2,5,5,5
15_075,1,2,2,2,2,2,2,2,2,2,5,5,5
15_076,1,2,2,2,2,2,2,2,2,2,5,5,5
15_077,1,2,2,2,2,2,5,6,7,8,9,9,9
15_078,1,2,2,2,2,2,5,6,7,8,9,9,9
15_079,1,2,2,2,2,2,5,6,7,8,9,9,9
15_080,1,2,2,2,2,2,5,6,7,8,9,9,9
15_081,1,2,2,2,2,2,5,6,7,8,9,9,9
15_082,1,2,2,2,2,2,5,6,7,8,9,9,9
15_083,1,2,2,2,2,2,5,6,7,8,9,9,9
15_084,1,2,2,2,2,2,5,6,7,8,9,9,9
15_085,2,3,4,4,4,4,4,4,5,5,6,6,6
15_086,2,3,4,4,4,4,4,4,5,5,6,6,6
15_087,2,3,4,4,4,4,4,4,5,5,6,6,6
15_088,2,3,4,4,4,4,4,4,5,5,6,6,6
15_089,2,3,4,4,4,4,4,4,5,5,6,6,6
15_090,2,3,4,4,4,4,4,4,5,5,6,6,6
15_091,2,3,4,4,4,4,4,4,5,5,6,6,6
15_092,2,3,4,4,4,4,4,4,5,5,6,6,6
15_093,2,3,4,4,4,4,4,4,5,5,6,6,6
15_094,2,3,4,4,4,4,4,4,5,5,6,6,6
15_095,2,3,4,4,4,4,4,4,5,5,6,6,6
15_096,2,3,4,4,4,4,4,4,5,5,6,6,6
15_097,2,3,4,4,4,4,4,4,5,5,6,6,6
15_098,2,3,4,4,4,4,4,4,5,5,6,6,6
15_099,2,3,4,4,4,4,4,4,5,5,6,6,6
15_100,2,3,4,4,4,4,4,4,5,5,6,6,6
18_001,1,1,1,1,1,1,1,1,1,1,1,1,1
18_002,1,1,1,1,1,1,1,1,1,1,1,1,1
18_003,1,1,1,1,1,1,1,1,1,1,1,1,1
18_004,1,1,1,1,1,1,1,1,1,1,1,1,1
18_005,1,1,1,1,1,1,1,1,1,1,1,1,1
18_006,1,1,1,1,1,1,1,1,1,1,1,1,1
18_007,1,1,1,1,1,1,1,1,1,1,1,1,1
18_008,1,1,1,1,1,1,1,1,1,1,1,1,1
18_009,1,1,1,1,1,1,1,1,1,1,1,1,1
18_010,1,1,1,1,1,1,1,1,1,1,1,1,1
18_011,1,1,1,1,1,1,1,1,1,1,1,1,1
18_012,1,1,1,1,1,1,1,1,1,1,1,1,1
18_013,1,1,1,1,1,1,1,1,1,1,1,1,1
18_014,1,1,1,1,1,1,1,1,1,1,1,1,1
18_015,1,1,1,1,1,1,1,1,1,1,1,1,1
18_016,1,1,1,1,5,5,6,7,8,9,10,10,10
18_017,1,1,1,1,5,5,6,7,8,9,10,10,10
18_018,1,1,1,1,5,5,6,7,8,9,10,10,10
18_019,1,1,1,1,5,5,6,7,8,9,10,10,10
18_020,1,1,1,1,5,5,6,7,8,9,10,10,10
18_021,1,1,1,1,5,5,6,7,8,9,10,10,10
18_022,1,1,1,1,5,5,6,7,8,9,10,10,10
18_023,1,1,1,1,5,5,6,7,8,9,10,10,10
18_024,1,1,1,1,5,5,6,7,8,9,10,10,10
18_025,1,1,1,1,5,5,6,7,8,9,10,10,10
18_026,1,1,1,1,5,5,6,7,8,9,10,10,10
18_027,1,2,2,2,2,2,2,2,2,2,2,2,2
18_028,1,2,2,2,2,2,2,2,2,2,2,2,2
18_029,1,2,2,2,2,2,2,2,2,2,2,2,2
18_030,1,2,2,2,2,2,2,2,2,2,2,2,2
18_031,1,2,2,2,2,2,2,2,2,2,2,2,2
18_032,1,2,2,2,2,2,2,2,2,2,2,2,2
18_033,1,2,2,2,2,2,2,2,2,2,2,2,2
18_034,1,2,2,2,2,2,2,2,2,2,2,2,2
18_035,1,2,2,2,2,2,2,2,2,2,2,2,2
18_036,1,2,2,2,2,2,2,2,2,2,2,2,2
18_037,1,2,2,2,2,2,2,2,2,2,2,2,2
18_038,1,2,2,2,2,2,2,2,2,2,2,2,2
18_039,1,2,2,2,2,2,2,2,2,2,2,2,2
18_040,1,2,2,2,2,2,2,2,2,2,2,2,2
18_041,1,2,2,2,2,2,2,2,2,2,2,2,2
18_043,1,2,2,2,2,2,2,2,2,2,2,2,2
18_044,1,2,2,2,2,2,2,2,2,2,2,2,2
18_045,1,2,2,2,2,2,2,2,2,2,2,2,2
18_046,1,2,2,2,2,2,2,2,2,2,2,2,2
18_047,1,2,2,2,2,2,2,2,2,2,2,2,2
18_048,1,2,2,2,2,2,2,2,2,2,2,2,2
18_049,1,2,2,2,2,2,2,2,2,2,2,2,2
18_050,1,2,2,2,2,2,2,2,2,2,2,2,2
18_051,1,2,2,2,2,2,2,2,2,2,2,2,2
18_052,1,2,2,2,2,2,2,2,2,2,2,2,2
18_053,1,2,2,2,2,2,2,2,2,2,2,2,2
18_054,1,2,2,2,2,2,2,2,2,2,2,2,2
18_055,1,2,2,2,2,2,2,2,2,2,2,2,2
18_056,1,2,2,2,2,2,2,2,2,2,2,2,2
18_057,1,2,2,2,2,2,2,2,2,2,2,2,2
18_058,1,2,2,2,2,2,2,2,2,2,2,2,2
18_059,1,2,2,2,2,2,2,2,2,2,2,2,2
18_060,1,2,2,2,2,2,2,2,2,2,2,2,2
18_061,1,2,2,2,2,2,2,2,2,2,5,5,5
18_062,1,2,2,2,2,2,2,2,2,2,5,5,5
18_063,1,2,2,2,2,2,2,2,2,2,5,5,5
18_064,1,2,2,2,2,2,2,2,2,2,5,5,5
18_065,1,2,2,2,2,2,2,2,2,2,5,5,5
18_066,1,2,2,2,2,2,2,2,2,2,5,5,5
18_067,1,2,2,2,2,2,2,2,2,2,5,5,5
18_068,1,2,2,2,2,2,2,2,2,2,5,5,5
18_069,1,2,2,2,2,2,2,2,2,2,5,5,5
18_070,1,2,2,2,2,2,2,2,2,2,5,5,5
18_071,1,2,2,2,2,2,2,2,2,2,5,5,5
18_072,1,2,2,2,2,2,2,2,2,2,5,5,5
18_073,1,2,2,2,2,2,2,2,2,2,5,5,5
18_074,1,2,2,2,2,2,2,2,2,2,5,5,5
18_075,1,2,2,2,2,2,2,2,2,2,5,5,5
18_076,1,2,2,2,2,2,2,2,2,2,5,5,5
18_077,1,2,2,2,2,2,2,2,2,2,5,5,5
18_078,1,2,2,2,2,2,2,2,2,2,5,5,5
18_079,1,2,2,2,2,2,2,2,2,2,5,5,5
18_080,1,2,2,2,2,2,2,2,2,2,5,5,5
18_081,1,2,2,2,2,2,2,2,2,2,5,5,5
18_082,1,2,2,2,2,2,2,2,2,2,5,5,5
18_083,1,2,2,2,2,2,2,2,2,2,5,5,5
18_084,1,2,2,2,2,2,2,2,2,2,5,5,5
18_085,1,2,2,2,2,2,2,2,2,2,5,5,5
18_086,1,2,2,2,2,2,2,2,2,2,5,5,5
18_087,1,2,2,2,2,2,2,2,2,2,5,5,5
18_088,1,2,2,2,2,2,2,2,2,2,5,5,5
18_089,1,2,2,2,2,2,2,2,2,2,5,5,5
18_090,1,2,2,2,2,2,2,2,2,2,5,5,5
18_091,1,2,2,2,2,2,2,2,2,2,5,5,5
18_092,1,2,2,2,2,2,2,2,2,2,5,5,5
18_093,1,2,2,2,2,2,2,2,2,2,5,5,5
18_094,1,2,2,2,2,2,2,2,2,2,5,5,5
18_095,1,2,2,2,2,2,2,2,2,2,5,5,5
18_096,1,2,2,2,2,2,2,2,2,2,5,5,5
18_097,1,2,2,2,2,2,2,2,2,2,5,5,5
18_098,1,2,2,2,2,2,2,2,2,2,5,5,5
18_099,1,2,2,2,2,2,2,2,2,2,5,5,5
18_100,1,2,2,2,2,2,2,2,2,2,5,5,5
21_001,1,1,1,1,1,1,1,1,1,1,1,1,1
21_002,1,1,1,1,1,1,1,1,1,1,1,1,1
21_003,1,1,1,1,1,1,1,1,1,1,1,1,1
21_004,1,1,1,1,1,1,1,1,1,1,1,1,1
21_005,1,1,1,1,1,1,1,1,1,1,1,1,1
21_006,1,1,1,1,1,1,1,1,1,1,1,1,1
21_007,1,1,1,1,1,1,1,1,1,1,1,1,1
21_008,1,1,1,1,1,1,1,1,1,1,1,1,1
21_009,1,1,1,1,1,1,1,1,1,1,1,1,1
21_010,1,1,1,1,1,1,1,1,1,1,1,1,1
21_011,1,1,1,1,1,1,1,1,1,1,1,1,1
21_012,1,1,1,1,1,1,1,1,1,1,1,1,1
21_013,1,1,1,1,1,1,1,1,1,1,1,1,1
21_014,1,1,1,1,1,1,1,1,1,1,1,1,1
21_015,1,1,1,1,1,1,1,1,1,1,1,1,1
21_016,1,1,1,1,5,5,6,7,8,9,10,10,10
21_017,1,1,1,1,5,5,6,7,8,9,10,10,10
21_018,1,1,1,1,5,5,6,7,8,9,10,10,10
21_019,1,1,1,1,5,5,6,7,8,9,10,10,10
21_020,1,1,1,1,5,5,6,7,8,9,10,10,10
21_021,1,1,1,1,5,5,6,7,8,9,10,10,10
21_022,1,1,1,1,5,5,6,7,8,9,10,10,10
21_023,1,1,1,1,5,5,6,7,8,9,10,10,10
21_024,1,1,1,1,5,5,6,7,8,9,10,10,10
21_025,1,1,1,1,5,5,6,7,8,9,10,10,10
21_026,1,1,1,1,5,5,6,7,8,9,10,10,10
21_027,1,1,1,1,5,5,6,7,8,9,10,10,10
21_028,1,1,1,1,5,5,6,7,8,9,10,10,10
21_029,1,1,1,1,5,5,6,7,8,9,10,10,10
21_030,1,1,1,1,5,5,6,7,8,9,10,10,10
21_031,1,2,2,2,2,2,2,2,2,2,2,2,2
21_032,1,2,2,2,2,2,2,2,2,2,2,2,2
21_033,1,2,2,2,2,2,2,2,2,2,5,5,5
21_034,1,2,2,2,2,2,2,2,2,2,5,5,5
21_035,1,2,2,2,2,2,2,2,2,2,5,5,5
21_036,1,2,2,2,2,2,2,2,2,2,5,5,5
21_037,1,2,2,2,2,2,2,2,2,2,5,5,5
21_038,1,2,2,2,2,2,2,2,2,2,5,5,5
21_039,1,2,2,2,2,2,2,2,2,2,5,5,5
21_040,1,2,2,2,2,2,2,2,2,2,5,5,5
21_041,1,2,2,2,2,2,2,2,2,2,5,5,5
21_042,1,2,2,2,2,2,2,2,2,2,5,5,5
21_043,1,2,2,2,2,2,2,2,2,2,5,5,5
21_044,1,2,2,2,2,2,2,2,2,2,5,5,5
21_045,1,2,2,2,2,2,2,2,2,2,5,5,5
21_046,1,2,2,2,2,2,2,2,2,2,5,5,5
21_047,1,2,2,2,2,2,2,2,2,2,5,5,5
21_048,1,2,2,2,2,2,2,2,2,2,5,5,5
21_049,1,2,2,2,2,2,2,2,2,2,5,5,5
21_050,1,2,2,2,2,2,2,2,2,2,5,5,5
21_051,1,2,2,2,2,2,2,2,2,2,5,5,5
21_052,1,2,2,2,2,2,2,2,2,2,5,5,5
21_053,1,2,2,2,2,2,2,2,2,2,5,5,5
21_054,1,2,2,2,2,2,2,2,2,2,5,5,5
21_055,1,2,2,2,2,2,2,2,2,2,5,5,5
21_056,1,2,2,2,2,2,2,2,2,2,5,5,5
21_057,1,2,2,2,2,2,2,2,2,2,5,5,5
21_058,1,2,2,2,2,2,2,2,2,2,5,5,5
21_059,1,2,2,2,2,2,2,2,2,2,5,5,5
21_060,1,2,2,2,2,2,2,2,2,2,5,5,5
21_061,1,2,2,2,2,2,2,2,2,2,5,5,5
21_062,1,2,2,2,2,2,2,2,2,2,5,5,5
21_063,1,2,2,2,2,2,2,2,2,2,5,5,5
21_064,3,4,5,5,6,6,7,8,9,10,11,11,11
21_065,3,4,5,5,6,6,7,8,9,10,11,11,11
21_066,3,4,5,5,6,6,7,8,9,10,11,11,11
21_067,3,4,5,5,6,6,7,8,9,10,11,11,11
21_068,3,4,5,5,6,6,7,8,9,10,11,11,11
21_069,3,4,5,5,6,6,7,8,9,10,11,11,11
21_070,3,4,5,5,6,6,7,8,9,10,11,11,11
21_071,3,4,5,5,6,6,7,8,9,10,11,11,11
21_072,3,4,5,5,6,6,7,8,9,10,11,11,11
21_073,3,4,5,5,6,6,7,8,9,10,11,11,11
21_074,3,4,5,5,6,6,7,8,9,10,11,11,11
21_075,3,4,5,5,6,6,7,8,9,10,11,11,11
21_076,3,4,5,5,6,6,7,8,9,10,11,11,11
21_077,3,4,5,5,6,6,7,8,9,10,11,11,11
21_078,3,4,5,5,6,6,7,8,9,10,11,11,11
21_079,3,4,5,5,6,6,7,8,9,10,11,11,11
21_080,3,4,5,5,6,6,7,8,9,10,11,11,11
21_081,3,4,5,5,6,6,7,8,9,10,11,11,11
21_082,3,4,5,5,6,6,7,8,9,10,11,11,11
21_083,3,4,5,5,6,6,7,8,9,10,11,11,11
21_084,3,4,5,5,6,6,7,8,9,10,11,11,11
21_085,3,4,5,5,6,6,7,8,9,10,11,11,11
21_086,3,4,5,5,6,6,7,8,9,10,11,11,11
21_087,3,4,5,5,6,6,7,8,9,10,11,11,11
21_088,3,4,5,5,6,6,7,8,9,10,11,11,11
21_089,1,2,2,2,2,2,2,2,2,2,5,5,5
21_090,1,2,2,2,2,2,2,2,2,2,5,5,5
21_091,1,2,2,2,2,2,2,2,2,2,5,5,5
21_092,1,2,2,2,2,2,2,2,2,2,5,5,5
21_093,1,2,2,2,2,2,2,2,2,2,5,5,5
21_094,1,2,2,2,2,2,2,2,2,2,5,5,5
21_095,1,2,2,2,2,2,2,2,2,2,5,5,5
21_096,1,2,2,2,2,2,2,2,2,2,5,5,5
21_097,1,2,2,2,2,2,2,2,2,2,5,5,5
21_098,1,2,2,2,2,2,2,2,2,2,5,5,5
21_099,1,2,2,2,2,2,2,2,2,2,5,5,5
21_100,1,2,2,2,2,2,2,2,2,2,5,5,5
24_001,1,1,1,1,1,1,1,1,1,1,1,1,1
24_002,1,1,1,1,1,1,1,1,1,1,1,1,1
24_003,1,1,1,1,1,1,1,1,1,1,1,1,1
24_004,1,1,1,1,1,1,1,1,1,1,1,1,1
24_005,1,1,1,1,1,1,1,1,1,1,1,1,1
24_006,1,1,1,1,1,1,1,1,1,1,1,1,1
24_007,1,1,1,1,1,1,1,1,1,1,1,1,1
24_008,1,1,1,1,1,1,1,1,1,1,1,1,1
24_009,1,1,1,1,1,1,1,1,1,1,1,1,1
24_010,1,1,1,1,1,1,1,1,1,1,1,1,1
24_011,1,1,1,1,1,1,1,1,1,1,1,1,1
24_012,1,1,1,1,1,1,1,1,1,1,1,1,1
24_013,1,1,1,1,1,1,1,1,1,1,1,1,1
24_014,1,1,1,1,1,1,1,1,1,1,1,1,1
24_015,1,1,1,1,1,1,1,1,1,1,1,1,1
24_016,1,1,1,1,5,5,6,7,8,9,10,10,10
24_017,1,1,1,1,5,5,6,7,8,9,10,10,10
24_018,1,1,1,1,5,5,6,7,8,9,10,10,10
24_019,1,1,1,1,5,5,6,7,8,9,10,10,10
24_020,1,1,1,1,5,5,6,7,8,9,10,10,10
24_021,1,1,1,1,5,5,6,7,8,9,10,10,10
24_022,1,1,1,1,5,5,6,7,8,9,10,10,10
24_023,1,1,1,1,5,5,6,7,8,9,10,10,10
24_024,1,1,1,1,5,5,6,7,8,9,10,10,10
24_025,1,1,1,1,5,5,6,7,8,9,10,10,10
24_026,1,1,1,1,5,5,6,7,8,9,10,10,10
24_027,1,1,1,1,5,5,6,7,8,9,10,10,10
24_028,1,1,1,1,5,5,6,7,8,9,10,10,10
24_029,1,1,1,1,5,5,6,7,8,9,10,10,10
24_030,1,1,1,1,5,5,6,7,8,9,10,10,10
24_031,1,1,1,1,5,5,6,7,8,9,10,10,10
24_032,1,1,1,1,5,5,6,7,8,9,10,10,10
24_033,1,1,1,1,5,5,6,7,8,9,10,10,10
24_034,1,1,1,1,5,5,6,7,8,9,10,10,10
24_035,1,1,1,1,1,1,1,1,1,1,1,1,1
24_036,1,1,1,1,1,1,1,1,1,1,1,1,1
24_037,1,1,1,1,1,1,1,1,1,1,1,1,1
24_038,1,1,1,1,1,1,1,1,1,1,1,1,1
24_039,1,1,1,1,1,1,1,1,1,1,1,1,1
24_040,1,1,1,1,1,1,1,1,1,1,1,1,1
24_041,1,1,1,1,1,1,1,1,1,1,1,1,1
24_042,1,2,2,2,2,2,2,2,2,2,5,5,5
24_043,1,2,2,2,2,2,2,2,2,2,5,5,5
24_044,1,2,2,2,2,2,2,2,2,2,5,5,5
24_045,1,2,2,2,2,2,2,2,2,2,5,5,5
24_046,1,2,2,2,2,2,2,2,2,2,5,5,5
24_047,1,2,2,2,2,2,2,2,2,2,5,5,5
24_048,1,2,2,2,2,2,2,2,2,2,5,5,5
24_049,1,2,2,2,2,2,2,2,2,2,5,5,5
24_050,1,2,2,2,2,2,2,2,2,2,5,5,5
24_051,1,2,2,2,2,2,2,2,2,2,5,5,5
24_052,1,2,2,2,2,2,2,2,2,2,5,5,5
24_053,1,2,2,2,2,2,2,2,2,2,5,5,5
24_054,1,2,2,2,2,2,2,2,2,2,5,5,5
24_055,1,2,2,2,2,2,2,2,2,2,5,5,5
24_056,1,2,2,2,2,2,2,2,2,2,5,5,5
24_057,3,4,5,5,6,6,7,8,9,10,11,11,11
24_058,3,4,5,5,6,6,7,8,9,10,11,11,11
24_059,3,4,5,5,6,6,7,8,9,10,11,11,11
24_060,3,4,5,5,6,6,7,8,9,10,11,11,11
24_061,3,4,5,5,6,6,7,8,9,10,11,11,11
24_062,3,4,5,5,6,6,7,8,9,10,11,11,11
24_063,3,4,5,5,6,6,7,8,9,10,11,11,11
24_064,3,4,5,5,6,6,7,8,9,10,11,11,11
24_065,3,4,5,5,6,6,7,8,9,10,11,11,11
24_066,3,4,5,5,6,6,7,8,9,10,11,11,11
24_067,3,4,5,5,6,6,7,8,9,10,11,11,11
24_068,3,4,5,5,6,6,7,8,9,10,11,11,11
24_069,3,4,5,5,6,6,7,8,9,10,11,11,11
24_070,3,4,5,5,6,6,7,8,9,10,11,11,11
24_071,3,4,5,5,6,6,7,8,9,10,11,11,11
24_072,3,4,5,5,6,6,7,8,9,10,11,11,11
24_073,3,4,5,5,6,6,7,8,9,10,11,11,11
24_074,3,4,5,5,6,6,7,8,9,10,11,11,11
24_075,3,4,5,5,6,6,7,8,9,10,11,11,11
24_076,3,4,5,5,6,6,7,8,9,10,11,11,11
24_077,3,4,5,5,6,6,7,8,9,10,11,11,11
24_078,3,4,5,5,6,6,7,8,9,10,11,11,11
24_079,3,4,5,5,6,6,7,8,9,10,11,11,11
24_080,3,4,5,5,6,6,7,8,9,10,11,11,11
24_081,3,4,5,5,6,6,7,8,9,10,11,11,11
24_082,3,4,5,5,6,6,7,8,9,10,11,11,11
24_083,3,4,5,5,6,6,7,8,9,10,11,11,11
24_084,3,4,5,5,6,6,7,8,9,10,11,11,11
24_085,3,4,5,5,6,6,7,8,9,10,11,11,11
24_086,3,4,5,5,6,6,7,8,9,10,11,11,11
24_087,3,4,5,5,6,6,7,8,9,10,11,11,11
24_088,3,4,5,5,6,6,7,8,9,10,11,11,11
24_089,3,4,5,5,6,6,7,8,9,10,11,11,11
24_090,3,4,5,5,6,6,7,8,9,10,11,11,11
24_091,3,4,5,5,6,6,7,8,9,10,11,11,11
24_092,3,4,5,5,6,6,7,8,9,10,11,11,11
24_093,3,4,5,5,6,6,7,8,9,10,11,11,11
24_094,3,4,5,5,6,6,7,8,9,10,11,11,11
24_095,3,4,5,5,6,6,7,8,9,10,11,11,11
24_096,1,2,2,2,2,2,2,2,2,2,5,5,5
24_097,1,2,2,2,2,2,2,2,2,2,5,5,5
24_098,1,2,2,2,2,2,2,2,2,2,5,5,5
24_099,1,2,2,2,2,2,2,2,2,2,5,5,5
24_100,1,2,2,2,2,2,2,2,2,2,5,5,5
27_001,1,1,1,1,1,1,1,1,1,1,1,1,1
27_002,1,1,1,1,1,1,1,1,1,1,1,1,1
27_003,1,1,1,1,1,1,1,1,1,1,1,1,1
27_004,1,1,1,1,1,1,1,1,1,1,1,1,1
27_005,1,1,1,1,1,1,1,1,1,1,1,1,1
27_006,1,1,1,1,1,1,1,1,1,1,1,1,1
27_007,1,1,1,1,1,1,1,1,1,1,1,1,1
27_008,1,1,1,1,1,1,1,1,1,1,1,1,1
27_009,1,1,1,1,1,1,1,1,1,1,1,1,1
27_010,1,1,1,1,1,1,1,1,1,1,1,1,1
27_011,1,1,1,1,1,1,1,1,1,1,1,1,1
27_012,1,1,1,1,1,1,1,1,1,1,1,1,1
27_013,1,1,1,1,1,1,1,1,1,1,1,1,1
27_014,1,1,1,1,1,1,1,1,1,1,1,1,1
27_015,1,1,1,1,1,1,1,1,1,1,1,1,1
27_016,1,1,1,1,1,1,1,1,1,1,1,1,1
27_017,1,1,1,1,1,1,1,1,1,1,1,1,1
27_018,1,1,1,1,1,1,1,1,1,1,1,1,1
27_019,1,1,1,1,1,1,1,1,1,1,1,1,1
27_020,1,1,1,1,1,1,1,1,1,1,1,1,1
27_021,1,1,1,1,5,5,6,7,8,9,10,10,10
27_022,1,1,1,1,5,5,6,7,8,9,10,10,10
27_023,1,1,1,1,5,5,6,7,8,9,10,10,10
27_024,1,1,1,1,5,5,6,7,8,9,10,10,10
27_025,1,1,1,1,5,5,6,7,8,9,10,10,10
27_026,1,1,1,1,5,5,6,7,8,9,10,10,10
27_027,1,1,1,1,5,5,6,7,8,9,10,10,10
27_028,1,1,1,1,5,5,6,7,8,9,10,10,10
27_029,1,1,1,1,5,5,6,7,8,9,10,10,10
27_030,1,1,1,1,5,5,6,7,8,9,10,10,10
27_031,1,1,1,1,5,5,6,7,8,9,10,10,10
27_032,1,1,1,1,5,5,6,7,8,9,10,10,10
27_033,1,1,1,1,5,5,6,7,8,9,10,10,10
27_034,1,1,1,1,1,1,1,1,1,1,1,1,1
27_035,1,1,1,1,1,1,1,1,1,1,1,1,1
27_036,1,1,1,1,1,1,1,1,1,1,1,1,1
27_037,1,1,1,1,1,1,1,1,1,1,1,1,1
27_038,1,1,1,1,1,1,1,1,1,1,1,1,1
27_039,1,1,1,1,1,1,1,1,1,1,1,1,1
27_040,1,1,1,1,1,1,1,1,1,1,1,1,1
27_041,1,2,2,2,2,2,2,2,2,2,5,5,5
27_042,1,2,2,2,2,2,2,2,2,2,5,5,5
27_043,1,2,2,2,2,2,2,2,2,2,5,5,5
27_044,1,2,2,2,2,2,2,2,2,2,5,5,5
27_045,1,2,2,2,2,2,2,2,2,2,5,5,5
27_046,1,2,2,2,2,2,2,2,2,2,5,5,5
27_047,1,2,2,2,2,2,2,2,2,2,5,5,5
27_048,1,2,2,2,2,2,2,2,2,2,5,5,5
27_049,1,2,2,2,2,2,2,2,2,2,5,5,5
27_050,1,2,2,2,2,2,2,2,2,2,5,5,5
27_051,1,2,2,2,2,2,2,2,2,2,5,5,5
27_052,1,2,2,2,2,2,2,2,2,2,5,5,5
27_053,1,2,2,2,2,2,2,2,2,2,5,5,5
27_054,1,2,2,2,2,2,2,2,2,2,5,5,5
27_055,1,2,2,2,2,2,2,2,2,2,5,5,5
27_056,1,2,2,2,2,2,2,2,2,2,5,5,5
27_057,1,2,2,2,2,2,2,2,2,2,5,5,5
27_058,1,2,2,2,2,2,2,2,2,2,5,5,5
27_059,1,2,2,2,2,2,2,2,2,2,5,5,5
27_060,3,4,5,5,6,6,7,8,9,10,11,11,11
27_061,3,4,5,5,6,6,7,8,9,10,11,11,11
27_062,3,4,5,5,6,6,7,8,9,10,11,11,11
27_063,3,4,5,5,6,6,7,8,9,10,11,11,11
27_064,3,4,5,5,6,6,7,8,9,10,11,11,11
27_065,3,4,5,5,6,6,7,8,9,10,11,11,11
27_066,3,4,5,5,6,6,7,8,9,10,11,11,11
27_067,3,4,5,5,6,6,7,8,9,10,11,11,11
27_068,3,4,5,5,6,6,7,8,9,10,11,11,11
27_069,3,4,5,5,6,6,7,8,9,10,11,11,11
27_070,3,4,5,5,6,6,7,8,9,10,11,11,11
27_071,3,4,5,5,6,6,7,8,9,10,11,11,11
27_072,3,4,5,5,6,6,7,8,9,10,11,11,11
27_073,3,4,5,5,6,6,7,8,9,10,11,11,11
27_074,3,4,5,5,6,6,7,8,9,10,11,11,11
27_075,3,4,5,5,6,6,7,8,9,10,11,11,11
27_076,3,4,5,5,6,6,7,8,9,10,11,11,11
27_077,3,4,5,5,6,6,7,8,9,10,11,11,11
27_078,3,4,5,5,6,6,7,8,9,10,11,11,11
27_079,3,4,5,5,6,6,7,8,9,10,11,11,11
27_080,3,4,5,5,6,6,7,8,9,10,11,11,11
27_081,1,2,2,2,2,2,2,2,2,2,5,12,12
27_082,1,2,2,2,2,2,2,2,2,2,5,12,12
27_083,1,2,2,2,2,2,2,2,2,2,5,12,12
27_084,1,2,2,2,2,2,2,2,2,2,5,12,12
27_085,1,2,2,2,2,2,2,2,2,2,5,12,12
27_086,1,2,2,2,2,2,2,2,2,2,5,12,12
27_087,1,2,2,2,2,2,2,2,2,2,5,12,12
27_088,1,2,2,2,2,2,2,2,2,2,5,12,12
27_089,1,2,2,2,2,2,2,2,2,2,5,12,13
27_090,1,2,2,2,2,2,2,2,2,2,5,12,13
27_091,1,2,2,2,2,2,2,2,2,2,5,12,13
27_092,1,2,2,2,2,2,2,2,2,2,5,12,13
27_093,1,2,2,2,2,2,2,2,2,2,5,12,13
27_094,1,2,2,2,2,2,2,2,2,2,5,12,13
27_095,1,2,2,2,2,2,2,2,2,2,5,12,13
27_096,1,2,2,2,2,2,2,2,2,2,5,12,13
27_097,1,2,2,2,2,2,2,2,2,2,5,12,13
27_098,1,2,2,2,2,2,2,2,2,2,5,12,13
27_099,1,2,2,2,2,2,2,2,2,2,5,12,13
27_100,1,2,2,2,2,2,2,2,2,2,5,12,13
30_001,1,1,1,1,1,1,1,1,1,1,1,1,1
30_002,1,1,1,1,1,1,1,1,1,1,1,1,1
30_003,1,1,1,1,1,1,1,1,1,1,1,1,1
30_004,1,1,1,1,1,1,1,1,1,1,1,1,1
30_005,1,1,1,1,1,1,1,1,1,1,1,1,1
30_006,1,1,1,1,1,7,8,9,10,11,12,13,14
30_007,1,1,1,1,1,7,8,9,10,11,12,13,14
30_008,1,1,1,1,1,7,8,9,10,11,12,13,14
30_009,1,1,1,1,1,7,8,9,10,11,12,13,14
30_010,1,1,1,1,1,7,8,9,10,11,12,13,14
30_011,1,1,1,1,1,1,1,1,1,1,1,1,1
30_012,1,1,1,1,1,1,1,1,1,1,1,1,1
30_013,1,1,1,1,1,1,1,1,1,1,1,1,1
30_014,1,1,1,1,1,1,1,1,1,1,1,1,1
30_015,1,1,1,1,1,1,1,1,1,1,1,1,1
30_016,1,1,1,1,1,1,1,1,1,1,1,1,1
30_017,1,1,1,1,1,1,1,1,1,1,1,1,1
30_018,1,1,1,1,1,1,1,1,1,1,1,1,1
30_019,1,1,1,1,1,1,1,1,1,1,1,1,1
30_020,1,1,1,1,1,1,1,1,1,1,1,1,1
30_021,1,1,1,1,1,1,1,1,1,1,1,1,1
30_022,1,1,1,1,1,1,1,1,1,1,1,1,1
30_023,1,1,1,1,1,1,1,1,1,1,1,1,1
30_024,1,1,1,1,1,1,1,1,1,1,1,1,1
30_025,1,1,1,1,1,1,1,1,1,1,1,1,1
30_026,1,1,1,1,1,1,1,1,1,1,1,1,1
30_027,1,1,1,1,1,1,1,1,1,1,1,1,1
30_028,1,1,1,1,1,1,1,1,1,1,1,1,1
30_029,1,1,1,1,1,1,1,1,1,1,1,1,1
30_030,1,1,1,1,1,1,1,1,1,1,1,1,1
30_031,1,1,1,1,1,1,1,1,1,1,1,1,1
30_032,1,1,1,1,1,1,1,1,1,1,1,1,1
30_033,1,1,1,1,1,1,1,1,1,1,1,1,1
30_035,1,1,1,1,1,1,1,1,1,1,1,1,1
30_036,1,1,1,6,7,8,9,10,11,12,13,14,15
30_037,1,1,1,6,7,8,9,10,11,12,13,14,15
30_038,1,1,1,6,7,8,9,10,11,12,13,14,15
30_039,1,1,1,6,7,8,9,10,11,12,13,14,15
30_040,1,1,1,6,7,8,9,10,11,12,13,14,15
30_041,1,1,1,6,7,8,9,10,11,12,13,14,15
30_042,1,1,1,6,7,8,9,10,11,12,13,14,15
30_043,1,1,1,6,7,8,9,10,11,12,13,14,15
30_044,1,1,1,6,7,8,9,10,11,12,13,14,15
30_045,1,1,1,6,7,8,9,10,11,12,13,14,15
30_046,1,1,1,6,7,8,9,10,11,12,13,14,15
30_047,1,1,1,6,7,8,9,10,11,12,13,14,15
30_048,1,1,1,6,7,8,9,10,11,12,13,14,15
30_049,1,1,1,6,7,8,9,10,11,12,13,14,15
30_050,1,1,1,6,7,8,9,10,11,12,13,14,15
30_051,1,1,1,6,7,8,9,10,11,12,13,14,15
30_052,1,1,1,6,7,8,9,10,11,12,13,14,15
30_053,1,1,1,6,7,8,9,10,11,12,13,14,15
30_054,1,1,1,6,7,8,9,10,11,12,13,14,15
30_055,1,1,1,6,7,8,9,10,11,12,13,14,15
30_056,1,1,1,1,1,1,1,1,1,1,1,1,1
30_057,1,1,1,1,1,1,1,1,1,1,1,1,1
30_058,1,1,1,1,1,1,1,1,1,1,1,1,1
30_059,1,2,2,2,2,2,2,2,2,2,5,5,5
30_060,1,2,2,2,2,2,2,2,2,2,5,5,5
30_061,1,2,2,2,2,2,2,2,2,2,5,5,5
30_062,1,2,2,2,2,2,2,2,2,2,5,5,5
30_063,1,2,2,2,2,2,2,2,2,2,5,5,5
30_064,3,4,5,5,6,6,7,8,9,10,11,11,11
30_065,3,4,5,5,6,6,7,8,9,10,11,11,11
30_066,3,4,5,5,6,6,7,8,9,10,11,11,11
30_067,3,4,5,5,6,6,7,8,9,10,11,11,11
30_068,3,4,5,5,6,6,7,8,9,10,11,11,11
30_069,3,4,5,5,6,6,7,8,9,10,11,11,11
30_070,3,4,5,5,6,6,7,8,9,10,11,11,11
30_071,3,4,5,5,6,6,7,8,9,10,11,11,11
30_072,3,4,5,5,6,6,7,8,9,10,11,11,11
30_073,3,4,5,5,6,6,7,8,9,10,11,11,11
30_074,3,4,5,5,6,6,7,8,9,10,11,11,11
30_075,3,4,5,5,6,6,7,8,9,10,11,11,11
30_076,3,4,5,5,6,6,7,8,9,10,11,11,11
30_077,3,4,5,5,6,6,7,8,9,10,11,11,11
30_078,3,4,5,5,6,6,7,8,9,10,11,11,11
30_079,3,4,5,5,6,6,7,8,9,10,11,11,11
30_080,3,4,5,5,6,6,7,8,9,10,11,11,11
30_081,3,4,5,5,6,6,7,8,9,10,11,11,11
30_082,3,4,5,5,6,6,7,8,9,10,11,11,11
30_083,3,4,5,5,6,6,7,8,9,10,11,11,11
30_084,1,2,2,2,2,2,2,2,2,2,5,12,12
30_085,1,2,2,2,2,2,2,2,2,2,5,12,12
30_086,1,2,2,2,2,2,2,2,2,2,5,12,12
30_087,1,2,2,2,2,2,2,2,2,2,5,12,12
30_088,1,2,2,2,2,2,2,2,2,2,5,12,12
30_089,1,2,2,2,2,2,2,2,2,2,5,12,12
30_090,1,2,2,2,2,2,2,2,2,2,5,12,12
30_091,1,2,2,2,2,2,2,2,2,2,5,12,12
30_092,1,2,2,2,2,2,2,2,2,2,5,12,12
30_093,1,2,2,2,2,2,2,2,2,2,5,12,12
30_094,1,2,2,2,2,2,2,2,2,2,5,12,12
30_095,1,2,2,2,2,2,2,2,2,2,5,12,12
30_096,1,2,2,2,2,2,2,2,2,2,5,12,12
30_097,1,2,2,2,2,2,2,2,2,2,5,12,12
30_098,1,2,2,2,2,2,2,2,2,2,5,12,12
30_099,1,2,2,2,2,2,2,2,2,2,5,12,12
30_100,1,2,2,2,2,2,2,2,2,2,5,12,12
33_001,1,1,1,1,1,1,1,1,1,1,1,1,1
33_002,1,1,1,1,1,1,1,1,1,1,1,1,1
33_003,1,1,1,1,1,1,1,1,1,1,1,1,1
33_004,1,1,1,1,1,1,1,1,1,1,1,1,1
33_005,1,1,1,1,1,1,1,1,1,1,1,1,1
33_006,1,1,1,1,1,1,1,1,1,1,1,1,1
33_007,1,1,1,1,1,7,8,9,10,11,12,13,14
33_008,1,1,1,1,1,7,8,9,10,11,12,13,14
33_009,1,1,1,1,1,7,8,9,10,11,12,13,14
33_010,1,1,1,1,1,7,8,9,10,11,12,13,14
33_011,1,1,1,1,1,7,8,9,10,11,12,13,14
33_012,1,1,1,1,1,7,8,9,10,11,12,13,14
33_013,1,1,1,1,1,7,8,9,10,11,12,13,14
33_014,1,1,1,1,1,7,8,9,10,11,12,13,14
33_015,1,1,1,1,1,7,8,9,10,11,12,13,14
33_016,1,1,1,1,1,7,8,9,10,11,12,13,14
33_017,1,1,1,1,1,7,8,9,10,11,12,13,14
33_018,1,1,1,1,1,7,8,9,10,11,12,13,14
33_019,1,1,1,1,1,7,8,9,10,11,12,13,14
33_020,1,1,1,1,1,7,8,9,10,11,12,13,14
33_021,1,1,1,1,1,7,8,9,10,11,12,13,14
33_022,1,1,1,1,1,7,8,9,10,11,12,13,14
33_023,1,1,1,1,1,7,8,9,10,11,12,13,14
33_024,1,1,1,1,1,7,8,9,10,11,12,13,14
33_025,1,1,1,1,1,7,8,9,10,11,12,13,14
33_026,1,1,1,1,1,7,8,9,10,11,12,13,14
33_027,1,1,1,1,1,7,8,9,10,11,12,13,14
33_028,1,1,1,1,1,1,1,1,1,1,1,1,1
33_029,1,1,1,1,1,1,1,1,1,1,1,1,1
33_030,1,1,1,1,1,1,1,1,1,1,1,1,1
33_031,1,1,1,1,1,1,1,1,1,1,1,1,1
33_032,1,1,1,1,1,1,1,1,1,1,1,1,1
33_033,1,1,1,1,1,1,1,1,1,1,1,1,1
33_034,1,1,1,1,1,1,1,1,1,1,1,1,1
33_035,1,1,1,1,1,1,1,1,1,1,1,1,1
33_036,1,1,1,1,1,1,1,1,1,1,1,1,1
33_037,1,1,1,1,1,1,1,1,1,1,1,1,1
33_038,1,1,1,1,1,1,1,1,1,1,1,1,1
33_039,1,1,1,1,1,1,1,1,1,1,1,1,1
33_040,1,1,1,1,1,1,1,1,1,1,1,1,1
33_041,1,1,1,1,1,1,1,1,1,1,1,1,1
33_042,1,1,1,1,1,1,1,1,1,1,1,1,1
33_043,1,1,1,1,1,1,1,1,1,1,1,1,1
33_044,1,1,1,1,1,1,1,1,1,1,1,1,1
33_045,1,1,1,1,1,1,1,1,1,1,1,1,1
33_046,1,1,1,1,1,1,1,1,1,1,1,1,1
33_047,1,1,1,1,1,1,1,1,1,1,1,1,1
33_048,1,1,1,1,1,1,1,1,1,1,1,1,1
33_049,1,1,1,1,1,1,1,1,1,1,1,1,1
33_050,1,1,1,1,1,1,1,1,1,1,1,1,1
33_051,1,1,1,1,1,1,1,1,1,1,1,1,1
33_052,1,1,1,1,1,1,1,1,1,1,1,1,1
33_053,1,1,1,1,1,1,1,1,1,1,1,1,1
33_054,1,1,1,1,1,1,1,1,1,1,1,1,1
33_055,1,1,1,1,1,1,1,1,1,1,1,1,1
33_056,1,1,1,1,1,1,1,1,1,1,1,1,1
33_057,1,1,1,1,1,1,1,1,1,1,1,1,1
33_058,1,1,1,1,1,1,1,1,1,1,1,1,1
33_059,1,1,1,1,1,1,1,1,1,1,1,1,1
33_060,1,1,1,1,1,1,1,1,1,1,1,1,1
33_061,1,1,1,1,1,1,1,1,1,1,1,1,1
33_062,1,1,1,1,1,1,1,1,1,1,1,1,1
33_063,1,1,1,1,1,1,1,1,1,1,1,1,1
33_064,1,1,1,1,1,1,1,1,1,1,1,1,1
33_065,1,1,1,1,1,1,1,1,1,1,1,1,1
33_066,1,1,1,1,1,1,1,1,1,1,1,1,1
33_067,1,1,1,1,1,1,1,1,1,1,1,1,1
33_068,1,1,1,1,1,1,1,1,1,1,1,1,1
33_069,1,1,1,1,1,1,1,1,1,1,1,1,1
33_070,1,1,1,1,1,1,1,1,1,1,1,1,1
33_071,1,1,1,1,1,1,1,1,1,1,1,1,1
33_072,1,1,1,1,1,1,1,1,1,1,1,1,1
33_073,1,1,1,1,1,1,1,1,1,1,1,1,1
33_074,1,1,1,1,1,1,1,1,1,1,1,1,1
33_075,1,1,1,1,1,1,1,1,1,1,1,1,1
33_076,1,1,1,1,1,1,1,1,1,1,1,1,1
33_077,1,1,1,1,1,1,1,1,1,1,1,1,1
33_078,1,1,1,1,1,1,1,1,1,1,1,1,1
33_079,1,1,1,1,1,1,1,1,1,1,1,1,1
33_080,1,1,1,1,1,1,1,1,1,1,1,1,1
33_081,1,1,1,1,1,1,1,1,1,1,1,1,1
33_082,1,1,1,1,1,1,1,1,1,1,1,1,1
33_083,1,1,1,1,1,1,1,1,1,1,1,1,1
33_084,1,1,1,1,1,1,1,1,1,1,1,1,1
33_085,1,1,1,1,1,1,1,1,1,1,1,1,1
33_086,1,1,1,1,1,1,1,1,1,1,1,1,1
33_087,1,1,1,1,1,1,1,1,1,1,1,1,1
33_088,1,1,1,1,1,1,1,1,1,1,1,1,1
33_089,1,1,1,1,1,1,1,1,1,1,1,1,1
33_090,1,1,1,1,1,1,1,1,1,1,1,1,1
33_091,1,1,1,1,1,1,1,1,1,1,1,1,1
33_092,1,1,1,1,1,1,1,1,1,1,1,1,1
33_093,1,1,1,1,1,1,1,1,1,1,1,1,1
33_094,1,1,1,1,1,1,1,1,1,1,1,1,1
33_095,1,1,1,1,1,1,1,1,1,1,1,1,1
33_096,1,1,1,1,1,1,1,1,1,1,1,1,1
33_097,1,1,1,1,1,1,1,1,1,1,1,1,1
33_098,1,1,1,1,1,1,1,1,1,1,1,1,1
33_099,1,1,1,1,1,1,1,1,1,1,1,1,1
33_100,1,1,1,1,1,1,1,1,1,1,1,1,1
